index,project_id,source,index
0,002,gsv,00
1,003,web,00
2,003,web,01
3,003,web,02
4,003,web,03
5,004,web,00
6,004,web,01
7,005,gsv,00
8,006,gsv,00
9,006,web,00
10,006,web,01
11,006,web,02
12,007,gsv,00
13,008,web,00
14,008,web,01
15,011,gsv,00
16,011,web,00
17,013,gsv,00
18,014,gsv,00
19,014,web,00
20,015,gsv,00
21,015,web,02
22,016,gsv,00
23,017,gsv,00
24,018,gsv,00
25,018,web,00
26,019,gsv,00
27,020,web,01
28,021,web,00
29,022,gsv,00
30,023,web,01
31,026,gsv,00
32,026,web,00
33,026,web,01
34,027,web,00
35,028,gsv,00
36,029,web,01
37,033,web,01
38,034,web,00
39,035,web,00
40,037,gsv,00
41,037,web,00
42,039,gsv,00
43,039,web,01
44,039,web,02
45,042,gsv,00
46,044,web,00
47,045,gsv,00
48,045,web,00
49,046,web,00
50,046,web,01
51,047,gsv,00
52,047,web,00
53,047,web,01
54,049,web,01
55,050,gsv,00
56,053,web,00
57,053,web,01
58,055,web,00
59,056,web,00
60,056,web,01
61,057,web,02
62,058,gsv,00
63,058,web,00
64,060,gsv,00
65,061,gsv,00
66,061,web,00
67,063,gsv,00
68,063,web,00
69,065,web,00
70,066,web,00
71,066,web,01
72,070,web,00
73,070,web,01
74,070,web,02
75,071,gsv,00
76,072,gsv,00
77,072,web,00
78,074,gsv,00
79,074,web,01
80,075,web,00
81,077,web,01
82,078,web,00
83,079,web,00
84,080,gsv,00
85,081,gsv,00
86,081,web,00
87,082,web,01
88,082,web,02
89,083,gsv,00
90,085,gsv,00
91,085,web,00
92,089,gsv,00
93,089,web,00
94,089,web,01
95,090,web,00
96,090,web,01
97,092,web,00
98,093,gsv,00
99,093,web,00
100,095,gsv,00
101,095,web,00
102,095,web,01
103,096,web,00
104,096,web,01
105,098,gsv,00
106,098,web,00
107,099,web,00
108,102,web,00
109,103,gsv,00
110,103,web,00
111,103,web,01
112,104,web,00
113,106,gsv,00
114,107,gsv,00
115,111,gsv,00
116,112,gsv,00
117,115,web,00
118,115,web,01
119,116,gsv,00
120,118,gsv,00
121,124,gsv,00
122,126,web,00
123,127,web,00
124,127,web,01
125,128,web,00
126,128,web,01
127,130,gsv,00
128,132,gsv,00
129,132,web,00
130,132,web,01
131,132,web,02
132,133,gsv,00
133,135,web,00
134,135,web,01
135,135,web,02
136,136,gsv,00
137,136,web,00
138,136,web,01
139,136,web,02
140,136,web,03
141,139,web,01
142,142,web,02
143,144,web,00
144,145,gsv,00
145,145,web,01
146,147,web,00
147,148,gsv,00
148,149,gsv,00
149,149,web,00
150,149,web,01
151,149,web,02
152,150,gsv,00
153,152,gsv,00
154,152,web,00
155,152,web,01
156,153,gsv,00
157,154,web,00
158,155,gsv,00
159,160,web,00
160,161,web,00
161,161,web,01
162,161,web,02
163,166,web,00
164,167,gsv,00
165,167,web,00
166,167,web,01
167,168,gsv,00
168,169,gsv,00
169,169,web,00
170,171,web,00
171,173,gsv,00
172,174,web,00
173,175,gsv,00
174,177,gsv,00
175,178,gsv,00
176,179,gsv,00
177,180,gsv,00
178,182,web,00
179,182,web,01
180,182,web,02
181,185,gsv,00
182,185,web,00
183,186,web,00
184,186,web,01
185,187,gsv,00
186,187,web,00
187,187,web,01
188,188,gsv,00
189,188,web,00
190,188,web,01
191,190,gsv,00
192,190,web,00
193,193,web,00
194,193,web,01
195,194,web,00
196,195,web,00
197,195,web,01
198,196,web,00
199,196,web,01
200,198,web,00
201,198,web,01
202,198,web,02
203,199,web,00
204,199,web,01
205,200,web,00
206,200,web,01
207,201,web,00
208,201,web,01
209,201,web,02
210,203,web,00
211,203,web,01
212,204,web,00
213,204,web,01
214,205,gsv,00
215,205,web,00
216,207,web,00
217,207,web,01
218,208,web,00
219,209,web,00
220,210,web,00
221,210,web,01
222,210,web,02
223,211,web,01
224,213,web,02
225,214,gsv,00
226,214,web,00
227,214,web,01
228,214,web,02
229,216,web,00
230,216,web,01
231,216,web,02
232,217,gsv,00
233,217,web,00
234,218,web,00
235,218,web,01
236,219,gsv,00
237,219,web,00
238,220,gsv,00
239,223,web,00
240,226,web,00
241,227,web,00
242,228,web,00
243,228,web,01
244,229,web,00
245,229,web,02
246,229,web,03
247,229,web,04
248,230,web,00
249,231,web,00
250,232,gsv,00
251,232,web,00
252,234,gsv,00
253,234,web,00
254,234,web,01
255,235,web,00
256,237,web,00
257,237,web,01
258,238,gsv,00
259,239,web,00
260,240,web,00
261,240,web,01
262,241,web,00
263,242,web,00
264,243,web,00
265,244,gsv,00
266,244,web,01
267,245,web,00
268,246,web,00
269,248,web,00
270,249,gsv,00
271,249,web,00
272,249,web,01
273,250,web,01
274,252,gsv,00
275,254,gsv,00
276,255,web,00
277,256,gsv,00
278,256,web,00
279,256,web,01
280,261,gsv,00
281,261,web,00
282,261,web,01
283,261,web,02
284,263,gsv,00
285,263,web,02
286,265,web,01
287,265,web,02
288,265,web,05
289,266,gsv,00
290,268,gsv,00
291,268,web,01
292,268,web,03
293,269,web,01
294,269,web,02
295,269,web,99
296,271,web,01
297,271,web,02
298,271,web,03
299,271,web,04
300,272,gsv,00
301,272,web,01
302,272,web,02
303,274,web,01
304,275,gsv,00
305,275,web,01
306,275,web,03
307,277,gsv,00
308,277,web,01
309,278,gsv,00
310,278,web,01
311,280,gsv,00
312,280,web,01
313,280,web,02
314,280,web,03
315,283,gsv,00
316,283,web,01
317,283,web,02
318,284,web,01
319,284,web,02
320,284,web,03
321,286,web,01
322,286,web,02
323,287,gsv,00
324,287,web,01
325,287,web,02
326,291,web,01
327,291,web,02
328,291,web,03
329,291,web,04
330,292,web,01
331,292,web,02
332,292,web,03
333,292,web,04
334,293,gsv,00
335,293,web,01
336,293,web,02
337,295,web,01
338,295,web,02
339,295,web,03
340,296,web,01
341,296,web,02
342,297,gsv,00
343,297,web,02
344,299,gsv,00
345,299,web,01
346,301,web,01
347,301,web,02
348,302,web,01
349,302,web,02
350,302,web,03
351,303,gsv,00
352,304,web,01
353,304,web,02
354,304,web,03
355,305,gsv,00
356,305,web,01
357,306,web,01
358,306,web,02
359,307,gsv,00
360,307,web,01
361,307,web,02
362,307,web,03
363,308,web,01
364,308,web,02
365,308,web,03
366,310,web,01
367,310,web,99
368,311,gsv,00
369,311,web,01
370,311,web,02
371,311,web,03
372,312,web,02
373,314,web,01
374,315,web,01
375,315,web,03
376,315,web,04
377,317,gsv,00
378,318,gsv,00
379,318,web,02
380,318,web,03
381,319,gsv,00
382,319,web,01
383,319,web,02
384,319,web,03
385,320,web,03
386,322,web,01
387,322,web,02
388,322,web,03
389,322,web,04
390,322,web,05
391,324,web,01
392,324,web,04
393,325,gsv,00
394,325,web,03
395,326,gsv,00
396,326,web,01
397,328,gsv,00
398,328,web,02
399,329,web,02
400,330,web,01
401,330,web,02
402,330,web,03
403,331,web,01
404,333,gsv,00
405,333,web,01
406,334,web,06
407,335,web,01
408,336,gsv,00
409,336,web,01
410,340,web,02
411,340,web,03
412,344,gsv,00
413,346,gsv,00
414,346,web,01
415,346,web,02
416,347,gsv,00
417,347,web,01
418,348,gsv,00
419,348,web,01
420,349,web,01
421,349,web,03
422,350,gsv,00
423,350,web,01
424,350,web,02
425,351,gsv,00
426,351,web,01
427,351,web,03
428,351,web,04
429,352,gsv,00
430,352,web,01
431,352,web,02
432,352,web,03
433,353,gsv,00
434,353,web,01
435,353,web,02
436,353,web,03
437,353,web,05
438,356,gsv,00
439,357,gsv,00
440,358,gsv,00
441,358,web,02
442,358,web,04
443,360,gsv,00
444,360,web,01
445,360,web,02
446,361,web,01
447,361,web,02
448,361,web,03
449,361,web,04
450,361,web,05
451,362,gsv,00
452,362,web,01
453,362,web,02
454,362,web,03
455,362,web,04
456,363,web,01
457,363,web,02
458,363,web,03
459,363,web,04
460,363,web,05
461,364,gsv,00
462,364,web,01
463,364,web,02
464,365,web,01
465,365,web,04
466,367,gsv,00
467,367,web,01
468,367,web,02
469,369,web,01
470,370,web,03
471,375,web,01
472,375,web,02
473,376,gsv,00
474,376,web,01
475,376,web,02
476,378,gsv,00
477,378,web,01
478,378,web,02
479,378,web,03
480,378,web,04
481,378,web,05
482,379,web,01
483,379,web,03
484,380,web,02
485,380,web,03
486,380,web,04
487,381,gsv,00
488,381,web,01
489,381,web,02
490,381,web,03
491,382,web,01
492,382,web,02
493,382,web,03
494,383,web,02
495,383,web,03
496,383,web,04
497,384,web,01
498,384,web,02
499,384,web,03
500,386,gsv,00
501,386,web,01
502,386,web,02
503,386,web,03
504,389,gsv,00
505,390,web,05
506,391,gsv,00
507,391,web,01
508,394,gsv,00
509,394,web,01
510,394,web,02
511,395,web,01
512,397,gsv,00
513,397,web,02
514,398,gsv,00
515,398,web,01
516,398,web,03
517,399,web,01
518,399,web,02
519,400,web,01
520,400,web,02
521,400,web,03
522,401,gsv,00
523,401,web,02
524,401,web,03
525,401,web,04
526,401,web,05
527,402,gsv,00
528,402,web,01
529,402,web,02
530,402,web,03
531,404,web,02
